phaseID,numBTBEntries,entry_0_pc,entry_0_type,entry_1_pc,entry_1_type
0,88,800006a0,4,80000154,0
1,5,80000154,0,800006a0,4
2,5,800006a0,4,80000154,0
3,8,80000154,0,800006a0,4
4,5,80000154,0,800006a0,4
5,5,80000154,0,800006a0,4
6,14,80000154,0,800006a0,4
7,6,800005a2,0,800005e0,0
8,6,800005e0,0,800005a2,0
9,18,800005a2,0,800005e0,0
10,4,80000468,0,8000045c,1
11,13,80000468,0,800005a2,0
12,6,800005a2,0,800005e0,0
13,6,800005e0,0,800005a2,0
14,6,800005a2,0,800005e0,0
15,18,80000468,0,800005a2,0
16,4,80000468,0,8000045c,1
17,13,800005e0,0,800005a2,0
18,6,800005a2,0,800005e0,0
19,6,800005a2,0,800005e0,0
20,18,800005a2,0,800005e0,0
21,4,80000468,0,8000045c,1
22,112,80000468,0,800005e0,0
23,6,800005a2,0,800005e0,0
24,6,800005a2,0,800005e0,0
25,6,800005e0,0,800005a2,0
26,18,80000468,0,800005a2,0
27,4,80000468,0,8000046e,0
28,13,800005e0,0,800005a2,0
29,6,800005a2,0,800005e0,0
30,6,800005a2,0,800005e0,0
31,18,800005a2,0,800005e0,0
32,4,80000468,0,8000046e,0
33,13,80000468,0,800005a2,0
34,6,800005e0,0,800005a2,0
35,6,800005a2,0,800005e0,1
36,6,800005a2,0,800005e0,0
37,18,80000468,0,800005a2,0
38,4,80000468,0,8000046e,0
