subPhaseID,numBranches,numEverTakenBranches,totalMispredicts,topMispPC_0,type_0,misCnt_0,topMispPC_1,type_1,misCnt_1,topMispPC_2,type_2,misCnt_2,topMispPC_3,type_3,misCnt_3,topMispPC_4,type_4,misCnt_4
0,113,80,63,800008cc,0,11,80001216,0,6,8000121c,0,5,800007fe,0,5,800006de,0,3
1,5,4,3,80000174,0,3,80000146,0,0,80000150,2,0,8000017c,0,0,800006a8,4,0
2,5,4,3,80000174,0,3,80000146,0,0,80000150,2,0,8000017c,0,0,800006a8,4,0
3,5,4,3,80000174,0,3,80000146,0,0,80000150,2,0,8000017c,0,0,800006a8,4,0
4,5,4,3,80000174,0,3,80000146,0,0,80000150,2,0,8000017c,0,0,800006a8,4,0
5,5,4,3,80000174,0,3,80000146,0,0,80000150,2,0,8000017c,0,0,800006a8,4,0
6,5,4,3,80000174,0,3,80000146,0,0,80000150,2,0,8000017c,0,0,800006a8,4,0
7,5,4,2,80000174,0,2,80000146,0,0,80000150,2,0,8000017c,0,0,800006a8,4,0
8,5,4,2,80000174,0,2,80000146,0,0,80000150,2,0,8000017c,0,0,800006a8,4,0
9,5,4,4,80000174,0,4,80000146,0,0,80000150,2,0,8000017c,0,0,800006a8,4,0
10,5,4,3,80000174,0,3,80000146,0,0,80000150,2,0,8000017c,0,0,800006a8,4,0
11,5,4,3,80000174,0,3,80000146,0,0,80000150,2,0,8000017c,0,0,800006a8,4,0
12,5,4,2,80000174,0,2,80000146,0,0,80000150,2,0,8000017c,0,0,800006a8,4,0
13,5,4,2,80000174,0,2,80000146,0,0,80000150,2,0,8000017c,0,0,800006a8,4,0
14,5,4,1,80000174,0,1,80000146,0,0,80000150,2,0,8000017c,0,0,800006a8,4,0
15,5,4,2,80000174,0,2,80000146,0,0,80000150,2,0,8000017c,0,0,800006a8,4,0
16,5,4,1,80000174,0,1,80000146,0,0,80000150,2,0,8000017c,0,0,800006a8,4,0
17,5,4,2,80000174,0,2,80000146,0,0,80000150,2,0,8000017c,0,0,800006a8,4,0
18,5,4,1,80000174,0,1,80000146,0,0,80000150,2,0,8000017c,0,0,800006a8,4,0
19,5,4,2,80000174,0,2,80000146,0,0,80000150,2,0,8000017c,0,0,800006a8,4,0
20,5,4,2,80000174,0,2,80000146,0,0,80000150,2,0,8000017c,0,0,800006a8,4,0
21,5,4,1,80000174,0,1,80000146,0,0,80000150,2,0,8000017c,0,0,800006a8,4,0
22,5,4,2,80000174,0,2,80000146,0,0,80000150,2,0,8000017c,0,0,800006a8,4,0
23,5,4,1,80000174,0,1,80000146,0,0,80000150,2,0,8000017c,0,0,800006a8,4,0
24,5,4,2,80000174,0,2,80000146,0,0,80000150,2,0,8000017c,0,0,800006a8,4,0
25,5,4,1,80000174,0,1,80000146,0,0,80000150,2,0,8000017c,0,0,800006a8,4,0
26,5,4,2,80000174,0,2,80000146,0,0,80000150,2,0,8000017c,0,0,800006a8,4,0
27,5,4,1,80000174,0,1,80000146,0,0,80000150,2,0,8000017c,0,0,800006a8,4,0
28,5,4,2,80000174,0,2,80000146,0,0,80000150,2,0,8000017c,0,0,800006a8,4,0
29,5,4,1,80000174,0,1,80000146,0,0,80000150,2,0,8000017c,0,0,800006a8,4,0
30,5,4,2,80000174,0,2,80000146,0,0,80000150,2,0,8000017c,0,0,800006a8,4,0
31,5,4,2,80000174,0,2,80000146,0,0,80000150,2,0,8000017c,0,0,800006a8,4,0
32,8,6,3,80000174,0,2,8000017c,0,1,8000012c,0,0,80000146,0,0,80000150,2,0
33,5,4,3,80000174,0,3,80000146,0,0,80000150,2,0,8000017c,0,0,800006a8,4,0
34,5,4,3,80000174,0,3,80000146,0,0,80000150,2,0,8000017c,0,0,800006a8,4,0
35,5,4,3,80000174,0,3,80000146,0,0,80000150,2,0,8000017c,0,0,800006a8,4,0
36,5,4,3,80000174,0,3,80000146,0,0,80000150,2,0,8000017c,0,0,800006a8,4,0
37,5,4,2,80000174,0,2,80000146,0,0,80000150,2,0,8000017c,0,0,800006a8,4,0
38,5,4,2,80000174,0,2,80000146,0,0,80000150,2,0,8000017c,0,0,800006a8,4,0
39,5,4,1,80000174,0,1,80000146,0,0,80000150,2,0,8000017c,0,0,800006a8,4,0
40,5,4,2,80000174,0,2,80000146,0,0,80000150,2,0,8000017c,0,0,800006a8,4,0
41,5,4,1,80000174,0,1,80000146,0,0,80000150,2,0,8000017c,0,0,800006a8,4,0
42,5,4,2,80000174,0,2,80000146,0,0,80000150,2,0,8000017c,0,0,800006a8,4,0
43,5,4,2,80000174,0,2,80000146,0,0,80000150,2,0,8000017c,0,0,800006a8,4,0
44,5,4,1,80000174,0,1,80000146,0,0,80000150,2,0,8000017c,0,0,800006a8,4,0
45,5,4,2,80000174,0,2,80000146,0,0,80000150,2,0,8000017c,0,0,800006a8,4,0
46,5,4,1,80000174,0,1,80000146,0,0,80000150,2,0,8000017c,0,0,800006a8,4,0
47,5,4,2,80000174,0,2,80000146,0,0,80000150,2,0,8000017c,0,0,800006a8,4,0
48,5,4,1,80000174,0,1,80000146,0,0,80000150,2,0,8000017c,0,0,800006a8,4,0
49,5,4,2,80000174,0,2,80000146,0,0,80000150,2,0,8000017c,0,0,800006a8,4,0
50,5,4,1,80000174,0,1,80000146,0,0,80000150,2,0,8000017c,0,0,800006a8,4,0
51,5,4,2,80000174,0,2,80000146,0,0,80000150,2,0,8000017c,0,0,800006a8,4,0
52,5,4,1,80000174,0,1,80000146,0,0,80000150,2,0,8000017c,0,0,800006a8,4,0
53,5,4,2,80000174,0,2,80000146,0,0,80000150,2,0,8000017c,0,0,800006a8,4,0
54,5,4,2,80000174,0,2,80000146,0,0,80000150,2,0,8000017c,0,0,800006a8,4,0
55,5,4,1,80000174,0,1,80000146,0,0,80000150,2,0,8000017c,0,0,800006a8,4,0
56,5,4,2,80000174,0,2,80000146,0,0,80000150,2,0,8000017c,0,0,800006a8,4,0
57,5,4,1,80000174,0,1,80000146,0,0,80000150,2,0,8000017c,0,0,800006a8,4,0
58,5,4,2,80000174,0,2,80000146,0,0,80000150,2,0,8000017c,0,0,800006a8,4,0
59,5,4,1,80000174,0,1,80000146,0,0,80000150,2,0,8000017c,0,0,800006a8,4,0
60,5,4,2,80000174,0,2,80000146,0,0,80000150,2,0,8000017c,0,0,800006a8,4,0
61,5,4,1,80000174,0,1,80000146,0,0,80000150,2,0,8000017c,0,0,800006a8,4,0
62,5,4,2,80000174,0,2,80000146,0,0,80000150,2,0,8000017c,0,0,800006a8,4,0
63,5,4,1,80000174,0,1,80000146,0,0,80000150,2,0,8000017c,0,0,800006a8,4,0
64,5,4,2,80000174,0,2,80000146,0,0,80000150,2,0,8000017c,0,0,800006a8,4,0
65,14,11,202,800005f0,0,195,800005b8,0,6,8000017c,0,1,80000150,2,0,80000174,0,0
66,7,6,205,800005f0,0,202,800005b8,0,3,8000059a,0,0,800005a0,1,0,800005f4,0,0
67,7,6,215,800005f0,0,212,800005b8,0,3,8000059a,0,0,800005a0,1,0,800005f4,0,0
68,7,6,186,800005f0,0,183,800005b8,0,3,8000059a,0,0,800005a0,1,0,800005f4,0,0
69,7,6,183,800005f0,0,180,800005b8,0,3,8000059a,0,0,800005a0,1,0,800005f4,0,0
70,7,6,202,800005f0,0,199,800005b8,0,3,8000059a,0,0,800005a0,1,0,800005f4,0,0
71,7,6,198,800005f0,0,195,800005b8,0,3,8000059a,0,0,800005a0,1,0,800005f4,0,0
72,7,6,185,800005f0,0,182,800005b8,0,3,8000059a,0,0,800005a0,1,0,800005f4,0,0
73,7,6,190,800005f0,0,187,800005b8,0,3,8000059a,0,0,800005a0,1,0,800005f4,0,0
74,7,6,184,800005f0,0,181,800005b8,0,3,8000059a,0,0,800005a0,1,0,800005f4,0,0
75,7,6,183,800005f0,0,180,800005b8,0,3,8000059a,0,0,800005a0,1,0,800005f4,0,0
76,7,6,193,800005f0,0,190,800005b8,0,3,8000059a,0,0,800005a0,1,0,800005f4,0,0
77,7,6,194,800005f0,0,191,800005b8,0,3,8000059a,0,0,800005a0,1,0,800005f4,0,0
78,7,6,189,800005f0,0,186,800005b8,0,3,8000059a,0,0,800005a0,1,0,800005f4,0,0
79,7,6,174,800005f0,0,171,800005b8,0,3,8000059a,0,0,800005a0,1,0,800005f4,0,0
80,7,6,201,800005f0,0,198,800005b8,0,3,8000059a,0,0,800005a0,1,0,800005f4,0,0
81,7,6,195,800005f0,0,193,800005b8,0,2,8000059a,0,0,800005a0,1,0,800005f4,0,0
82,7,6,192,800005f0,0,189,800005b8,0,3,8000059a,0,0,800005a0,1,0,800005f4,0,0
83,7,6,208,800005f0,0,205,800005b8,0,3,8000059a,0,0,800005a0,1,0,800005f4,0,0
84,7,6,192,800005f0,0,189,800005b8,0,3,8000059a,0,0,800005a0,1,0,800005f4,0,0
85,7,6,200,800005f0,0,197,800005b8,0,3,8000059a,0,0,800005a0,1,0,800005f4,0,0
86,7,6,202,800005f0,0,199,800005b8,0,3,8000059a,0,0,800005a0,1,0,800005f4,0,0
87,7,6,196,800005f0,0,193,800005b8,0,3,8000059a,0,0,800005a0,1,0,800005f4,0,0
88,7,6,188,800005f0,0,185,800005b8,0,3,8000059a,0,0,800005a0,1,0,800005f4,0,0
89,7,6,197,800005f0,0,194,800005b8,0,3,8000059a,0,0,800005a0,1,0,800005f4,0,0
90,7,6,190,800005f0,0,187,800005b8,0,3,8000059a,0,0,800005a0,1,0,800005f4,0,0
91,7,6,196,800005f0,0,193,800005b8,0,3,8000059a,0,0,800005a0,1,0,800005f4,0,0
92,7,6,191,800005f0,0,188,800005b8,0,3,8000059a,0,0,800005a0,1,0,800005f4,0,0
93,7,6,183,800005f0,0,180,800005b8,0,3,8000059a,0,0,800005a0,1,0,800005f4,0,0
94,7,6,184,800005f0,0,181,800005b8,0,3,8000059a,0,0,800005a0,1,0,800005f4,0,0
95,7,6,193,800005f0,0,190,800005b8,0,3,8000059a,0,0,800005a0,1,0,800005f4,0,0
96,7,6,213,800005f0,0,210,800005b8,0,3,8000059a,0,0,800005a0,1,0,800005f4,0,0
97,7,6,184,800005f0,0,181,800005b8,0,3,8000059a,0,0,800005a0,1,0,800005f4,0,0
98,12,9,190,800005f0,0,185,800005b8,0,3,800004f2,0,1,800005fe,0,1,8000031a,2,0
99,10,7,9,8000046a,0,4,80000572,0,2,80000346,0,1,80000492,0,1,800004b2,0,1
100,5,4,5,8000046a,0,5,8000045c,0,0,80000462,1,0,80000492,0,0,800004b2,0,0
101,5,4,6,8000046a,0,6,8000045c,0,0,80000462,1,0,80000492,0,0,800004b2,0,0
102,5,4,5,8000046a,0,5,8000045c,0,0,80000462,1,0,80000492,0,0,800004b2,0,0
103,5,4,3,8000046a,0,3,8000045c,0,0,80000462,1,0,80000492,0,0,800004b2,0,0
104,5,4,0,8000045c,0,0,80000462,1,0,8000046a,0,0,80000492,0,0,800004b2,0,0
105,5,4,1,8000046a,0,1,8000045c,0,0,80000462,1,0,80000492,0,0,800004b2,0,0
106,5,4,6,8000046a,0,6,8000045c,0,0,80000462,1,0,80000492,0,0,800004b2,0,0
107,5,4,5,8000046a,0,5,8000045c,0,0,80000462,1,0,80000492,0,0,800004b2,0,0
108,5,4,2,8000046a,0,2,8000045c,0,0,80000462,1,0,80000492,0,0,800004b2,0,0
109,5,4,0,8000045c,0,0,80000462,1,0,8000046a,0,0,80000492,0,0,800004b2,0,0
110,5,4,0,8000045c,0,0,80000462,1,0,8000046a,0,0,80000492,0,0,800004b2,0,0
111,5,4,0,8000045c,0,0,80000462,1,0,8000046a,0,0,80000492,0,0,800004b2,0,0
112,5,4,0,8000045c,0,0,80000462,1,0,8000046a,0,0,80000492,0,0,800004b2,0,0
113,5,4,0,8000045c,0,0,80000462,1,0,8000046a,0,0,80000492,0,0,800004b2,0,0
114,5,4,0,8000045c,0,0,80000462,1,0,8000046a,0,0,80000492,0,0,800004b2,0,0
115,5,4,0,8000045c,0,0,80000462,1,0,8000046a,0,0,80000492,0,0,800004b2,0,0
116,5,4,0,8000045c,0,0,80000462,1,0,8000046a,0,0,80000492,0,0,800004b2,0,0
117,5,4,0,8000045c,0,0,80000462,1,0,8000046a,0,0,80000492,0,0,800004b2,0,0
118,16,10,48,800005f0,0,47,800004b2,0,1,800002fc,2,0,8000045c,0,0,80000462,1,0
119,7,6,192,800005f0,0,189,800005b8,0,3,8000059a,0,0,800005a0,1,0,800005f4,0,0
120,7,6,191,800005f0,0,188,800005b8,0,3,8000059a,0,0,800005a0,1,0,800005f4,0,0
121,7,6,197,800005f0,0,194,800005b8,0,3,8000059a,0,0,800005a0,1,0,800005f4,0,0
122,7,6,175,800005f0,0,172,800005b8,0,3,8000059a,0,0,800005a0,1,0,800005f4,0,0
123,7,6,172,800005f0,0,169,800005b8,0,3,8000059a,0,0,800005a0,1,0,800005f4,0,0
124,7,6,171,800005f0,0,168,800005b8,0,3,8000059a,0,0,800005a0,1,0,800005f4,0,0
125,7,6,170,800005f0,0,167,800005b8,0,3,8000059a,0,0,800005a0,1,0,800005f4,0,0
126,7,6,160,800005f0,0,157,800005b8,0,3,8000059a,0,0,800005a0,1,0,800005f4,0,0
127,7,6,142,800005f0,0,139,800005b8,0,3,8000059a,0,0,800005a0,1,0,800005f4,0,0
128,7,6,155,800005f0,0,152,800005b8,0,3,8000059a,0,0,800005a0,1,0,800005f4,0,0
129,7,6,140,800005f0,0,137,800005b8,0,3,8000059a,0,0,800005a0,1,0,800005f4,0,0
130,7,6,145,800005f0,0,142,800005b8,0,3,8000059a,0,0,800005a0,1,0,800005f4,0,0
131,7,6,130,800005f0,0,127,800005b8,0,3,8000059a,0,0,800005a0,1,0,800005f4,0,0
132,7,6,142,800005f0,0,139,800005b8,0,3,8000059a,0,0,800005a0,1,0,800005f4,0,0
133,7,6,132,800005f0,0,130,800005b8,0,2,8000059a,0,0,800005a0,1,0,800005f4,0,0
134,7,6,132,800005f0,0,129,800005b8,0,3,8000059a,0,0,800005a0,1,0,800005f4,0,0
135,7,6,131,800005f0,0,128,800005b8,0,3,8000059a,0,0,800005a0,1,0,800005f4,0,0
136,7,6,146,800005f0,0,143,800005b8,0,3,8000059a,0,0,800005a0,1,0,800005f4,0,0
137,7,6,135,800005f0,0,132,800005b8,0,3,8000059a,0,0,800005a0,1,0,800005f4,0,0
138,7,6,114,800005f0,0,111,800005b8,0,3,8000059a,0,0,800005a0,1,0,800005f4,0,0
139,7,6,137,800005f0,0,134,800005b8,0,3,8000059a,0,0,800005a0,1,0,800005f4,0,0
140,7,6,98,800005f0,0,95,800005b8,0,3,8000059a,0,0,800005a0,1,0,800005f4,0,0
141,7,6,130,800005f0,0,127,800005b8,0,3,8000059a,0,0,800005a0,1,0,800005f4,0,0
142,7,6,128,800005f0,0,125,800005b8,0,3,8000059a,0,0,800005a0,1,0,800005f4,0,0
143,7,6,139,800005f0,0,136,800005b8,0,3,8000059a,0,0,800005a0,1,0,800005f4,0,0
144,7,6,128,800005f0,0,125,800005b8,0,3,8000059a,0,0,800005a0,1,0,800005f4,0,0
145,7,6,124,800005f0,0,121,800005b8,0,3,8000059a,0,0,800005a0,1,0,800005f4,0,0
146,7,6,137,800005f0,0,134,800005b8,0,3,8000059a,0,0,800005a0,1,0,800005f4,0,0
147,7,6,139,800005f0,0,136,800005b8,0,3,8000059a,0,0,800005a0,1,0,800005f4,0,0
148,7,6,105,800005f0,0,102,800005b8,0,3,8000059a,0,0,800005a0,1,0,800005f4,0,0
149,7,6,130,800005f0,0,127,800005b8,0,3,8000059a,0,0,800005a0,1,0,800005f4,0,0
150,7,6,141,800005f0,0,139,800005b8,0,2,8000059a,0,0,800005a0,1,0,800005f4,0,0
151,7,6,121,800005f0,0,118,800005b8,0,3,8000059a,0,0,800005a0,1,0,800005f4,0,0
152,14,10,105,800005f0,0,101,800005b8,0,3,800005fe,0,1,8000031a,2,0,800004f2,0,0
153,10,7,2,8000046a,0,1,80000572,0,1,80000346,0,0,8000044e,0,0,8000045c,0,0
154,5,4,0,8000045c,0,0,80000462,1,0,8000046a,0,0,80000492,0,0,800004b2,0,0
155,5,4,0,8000045c,0,0,80000462,1,0,8000046a,0,0,80000492,0,0,800004b2,0,0
156,5,4,0,8000045c,0,0,80000462,1,0,8000046a,0,0,80000492,0,0,800004b2,0,0
157,5,4,0,8000045c,0,0,80000462,1,0,8000046a,0,0,80000492,0,0,800004b2,0,0
158,5,4,0,8000045c,0,0,80000462,1,0,8000046a,0,0,80000492,0,0,800004b2,0,0
159,5,4,0,8000045c,0,0,80000462,1,0,8000046a,0,0,80000492,0,0,800004b2,0,0
160,5,4,0,8000045c,0,0,80000462,1,0,8000046a,0,0,80000492,0,0,800004b2,0,0
161,5,4,0,8000045c,0,0,80000462,1,0,8000046a,0,0,80000492,0,0,800004b2,0,0
162,5,4,0,8000045c,0,0,80000462,1,0,8000046a,0,0,80000492,0,0,800004b2,0,0
163,5,4,0,8000045c,0,0,80000462,1,0,8000046a,0,0,80000492,0,0,800004b2,0,0
164,5,4,0,8000045c,0,0,80000462,1,0,8000046a,0,0,80000492,0,0,800004b2,0,0
165,5,4,0,8000045c,0,0,80000462,1,0,8000046a,0,0,80000492,0,0,800004b2,0,0
166,5,4,0,8000045c,0,0,80000462,1,0,8000046a,0,0,80000492,0,0,800004b2,0,0
167,5,4,0,8000045c,0,0,80000462,1,0,8000046a,0,0,80000492,0,0,800004b2,0,0
168,5,4,0,8000045c,0,0,80000462,1,0,8000046a,0,0,80000492,0,0,800004b2,0,0
169,5,4,0,8000045c,0,0,80000462,1,0,8000046a,0,0,80000492,0,0,800004b2,0,0
170,5,4,0,8000045c,0,0,80000462,1,0,8000046a,0,0,80000492,0,0,800004b2,0,0
171,5,4,0,8000045c,0,0,80000462,1,0,8000046a,0,0,80000492,0,0,800004b2,0,0
172,17,12,74,800005f0,0,72,800004b2,0,1,800005b8,0,1,800004c4,0,0,800005fe,0,0
173,7,6,127,800005f0,0,124,800005b8,0,3,8000059a,0,0,800005a0,1,0,800005f4,0,0
174,7,6,142,800005f0,0,139,800005b8,0,3,8000059a,0,0,800005a0,1,0,800005f4,0,0
175,7,6,132,800005f0,0,129,800005b8,0,3,8000059a,0,0,800005a0,1,0,800005f4,0,0
176,7,6,125,800005f0,0,122,800005b8,0,3,8000059a,0,0,800005a0,1,0,800005f4,0,0
177,7,6,111,800005f0,0,108,800005b8,0,3,8000059a,0,0,800005a0,1,0,800005f4,0,0
178,7,6,116,800005f0,0,113,800005b8,0,3,8000059a,0,0,800005a0,1,0,800005f4,0,0
179,7,6,118,800005f0,0,115,800005b8,0,3,8000059a,0,0,800005a0,1,0,800005f4,0,0
180,7,6,117,800005f0,0,114,800005b8,0,3,8000059a,0,0,800005a0,1,0,800005f4,0,0
181,7,6,108,800005f0,0,105,800005b8,0,3,8000059a,0,0,800005a0,1,0,800005f4,0,0
182,7,6,110,800005f0,0,107,800005b8,0,3,8000059a,0,0,800005a0,1,0,800005f4,0,0
183,7,6,119,800005f0,0,116,800005b8,0,3,8000059a,0,0,800005a0,1,0,800005f4,0,0
184,7,6,92,800005f0,0,90,800005b8,0,2,8000059a,0,0,800005a0,1,0,800005f4,0,0
185,7,6,106,800005f0,0,103,800005b8,0,3,8000059a,0,0,800005a0,1,0,800005f4,0,0
186,7,6,87,800005f0,0,84,800005b8,0,3,8000059a,0,0,800005a0,1,0,800005f4,0,0
187,7,6,100,800005f0,0,97,800005b8,0,3,8000059a,0,0,800005a0,1,0,800005f4,0,0
188,7,6,105,800005f0,0,102,800005b8,0,3,8000059a,0,0,800005a0,1,0,800005f4,0,0
189,7,6,91,800005f0,0,88,800005b8,0,3,8000059a,0,0,800005a0,1,0,800005f4,0,0
190,7,6,121,800005f0,0,118,800005b8,0,3,8000059a,0,0,800005a0,1,0,800005f4,0,0
191,7,6,82,800005f0,0,79,800005b8,0,3,8000059a,0,0,800005a0,1,0,800005f4,0,0
192,7,6,101,800005f0,0,98,800005b8,0,3,8000059a,0,0,800005a0,1,0,800005f4,0,0
193,7,6,106,800005f0,0,103,800005b8,0,3,8000059a,0,0,800005a0,1,0,800005f4,0,0
194,7,6,88,800005f0,0,85,800005b8,0,3,8000059a,0,0,800005a0,1,0,800005f4,0,0
195,7,6,106,800005f0,0,103,800005b8,0,3,8000059a,0,0,800005a0,1,0,800005f4,0,0
196,7,6,100,800005f0,0,97,800005b8,0,3,8000059a,0,0,800005a0,1,0,800005f4,0,0
197,7,6,106,800005f0,0,103,800005b8,0,3,8000059a,0,0,800005a0,1,0,800005f4,0,0
198,7,6,100,800005f0,0,97,800005b8,0,3,8000059a,0,0,800005a0,1,0,800005f4,0,0
199,7,6,106,800005f0,0,103,800005b8,0,3,8000059a,0,0,800005a0,1,0,800005f4,0,0
200,7,6,118,800005f0,0,115,800005b8,0,3,8000059a,0,0,800005a0,1,0,800005f4,0,0
201,7,6,93,800005f0,0,91,800005b8,0,2,8000059a,0,0,800005a0,1,0,800005f4,0,0
202,7,6,105,800005f0,0,102,800005b8,0,3,8000059a,0,0,800005a0,1,0,800005f4,0,0
203,7,6,112,800005f0,0,109,800005b8,0,3,8000059a,0,0,800005a0,1,0,800005f4,0,0
204,7,6,105,800005f0,0,102,800005b8,0,3,8000059a,0,0,800005a0,1,0,800005f4,0,0
205,7,6,100,800005f0,0,98,800005b8,0,2,8000059a,0,0,800005a0,1,0,800005f4,0,0
206,21,14,56,800005f0,0,52,800005b8,0,2,800005fe,0,1,80000572,0,1,8000056c,0,0
207,5,4,1,8000046a,0,1,8000045c,0,0,80000462,1,0,80000492,0,0,800004b2,0,0
208,5,4,0,8000045c,0,0,80000462,1,0,8000046a,0,0,80000492,0,0,800004b2,0,0
209,5,4,0,8000045c,0,0,80000462,1,0,8000046a,0,0,80000492,0,0,800004b2,0,0
210,5,4,0,8000045c,0,0,80000462,1,0,8000046a,0,0,80000492,0,0,800004b2,0,0
211,5,4,0,8000045c,0,0,80000462,1,0,8000046a,0,0,80000492,0,0,800004b2,0,0
212,5,4,0,8000045c,0,0,80000462,1,0,8000046a,0,0,80000492,0,0,800004b2,0,0
213,5,4,0,8000045c,0,0,80000462,1,0,8000046a,0,0,80000492,0,0,800004b2,0,0
214,5,4,0,8000045c,0,0,80000462,1,0,8000046a,0,0,80000492,0,0,800004b2,0,0
215,5,4,0,8000045c,0,0,80000462,1,0,8000046a,0,0,80000492,0,0,800004b2,0,0
216,5,4,0,8000045c,0,0,80000462,1,0,8000046a,0,0,80000492,0,0,800004b2,0,0
217,5,4,0,8000045c,0,0,80000462,1,0,8000046a,0,0,80000492,0,0,800004b2,0,0
218,5,4,0,8000045c,0,0,80000462,1,0,8000046a,0,0,80000492,0,0,800004b2,0,0
219,5,4,0,8000045c,0,0,80000462,1,0,8000046a,0,0,80000492,0,0,800004b2,0,0
220,5,4,0,8000045c,0,0,80000462,1,0,8000046a,0,0,80000492,0,0,800004b2,0,0
221,5,4,0,8000045c,0,0,80000462,1,0,8000046a,0,0,80000492,0,0,800004b2,0,0
222,5,4,0,8000045c,0,0,80000462,1,0,8000046a,0,0,80000492,0,0,800004b2,0,0
223,5,4,0,8000045c,0,0,80000462,1,0,8000046a,0,0,80000492,0,0,800004b2,0,0
224,5,4,0,8000045c,0,0,80000462,1,0,8000046a,0,0,80000492,0,0,800004b2,0,0
225,5,4,0,8000045c,0,0,80000462,1,0,8000046a,0,0,80000492,0,0,800004b2,0,0
226,150,99,116,800005f0,0,31,800005f4,0,10,8000121c,0,9,800007fe,0,8,8000126a,0,5
227,7,5,183,800005f0,0,179,800005b8,0,3,800005f4,0,1,8000059a,0,0,800005a0,1,0
228,7,5,182,800005f0,0,177,800005b8,0,3,800005f4,0,2,8000059a,0,0,800005a0,1,0
229,7,5,191,800005f0,0,188,800005b8,0,2,800005f4,0,1,8000059a,0,0,800005a0,1,0
230,7,5,178,800005f0,0,175,800005b8,0,3,8000059a,0,0,800005a0,1,0,800005f4,0,0
231,7,5,171,800005f0,0,168,800005b8,0,3,8000059a,0,0,800005a0,1,0,800005f4,0,0
232,7,5,205,800005f0,0,202,800005b8,0,3,8000059a,0,0,800005a0,1,0,800005f4,0,0
233,7,5,204,800005f0,0,201,800005b8,0,3,8000059a,0,0,800005a0,1,0,800005f4,0,0
234,7,5,192,800005f0,0,189,800005b8,0,3,8000059a,0,0,800005a0,1,0,800005f4,0,0
235,7,5,170,800005f0,0,168,800005b8,0,2,8000059a,0,0,800005a0,1,0,800005f4,0,0
236,7,5,170,800005f0,0,167,800005b8,0,3,8000059a,0,0,800005a0,1,0,800005f4,0,0
237,7,5,182,800005f0,0,179,800005b8,0,3,8000059a,0,0,800005a0,1,0,800005f4,0,0
238,7,5,190,800005f0,0,187,800005b8,0,3,8000059a,0,0,800005a0,1,0,800005f4,0,0
239,7,5,180,800005f0,0,177,800005b8,0,3,8000059a,0,0,800005a0,1,0,800005f4,0,0
240,7,5,179,800005f0,0,176,800005b8,0,3,8000059a,0,0,800005a0,1,0,800005f4,0,0
241,7,5,182,800005f0,0,180,800005b8,0,2,8000059a,0,0,800005a0,1,0,800005f4,0,0
242,7,5,170,800005f0,0,167,800005b8,0,3,8000059a,0,0,800005a0,1,0,800005f4,0,0
243,7,5,187,800005f0,0,184,800005b8,0,3,8000059a,0,0,800005a0,1,0,800005f4,0,0
244,7,5,176,800005f0,0,173,800005b8,0,3,8000059a,0,0,800005a0,1,0,800005f4,0,0
245,7,5,196,800005f0,0,193,800005b8,0,3,8000059a,0,0,800005a0,1,0,800005f4,0,0
246,7,5,188,800005f0,0,185,800005b8,0,3,8000059a,0,0,800005a0,1,0,800005f4,0,0
247,7,5,188,800005f0,0,186,800005b8,0,2,8000059a,0,0,800005a0,1,0,800005f4,0,0
248,7,5,183,800005f0,0,180,800005b8,0,3,8000059a,0,0,800005a0,1,0,800005f4,0,0
249,7,5,188,800005f0,0,185,800005b8,0,3,8000059a,0,0,800005a0,1,0,800005f4,0,0
250,7,5,186,800005f0,0,183,800005b8,0,3,8000059a,0,0,800005a0,1,0,800005f4,0,0
251,7,5,179,800005f0,0,176,800005b8,0,3,8000059a,0,0,800005a0,1,0,800005f4,0,0
252,7,5,183,800005f0,0,180,800005b8,0,3,8000059a,0,0,800005a0,1,0,800005f4,0,0
253,7,5,192,800005f0,0,190,800005b8,0,2,8000059a,0,0,800005a0,1,0,800005f4,0,0
254,7,5,185,800005f0,0,182,800005b8,0,3,8000059a,0,0,800005a0,1,0,800005f4,0,0
255,7,5,181,800005f0,0,178,800005b8,0,3,8000059a,0,0,800005a0,1,0,800005f4,0,0
256,7,5,172,800005f0,0,169,800005b8,0,3,8000059a,0,0,800005a0,1,0,800005f4,0,0
257,7,5,187,800005f0,0,184,800005b8,0,3,8000059a,0,0,800005a0,1,0,800005f4,0,0
258,7,5,181,800005f0,0,178,800005b8,0,3,8000059a,0,0,800005a0,1,0,800005f4,0,0
259,7,5,208,800005f0,0,206,800005b8,0,2,8000059a,0,0,800005a0,1,0,800005f4,0,0
260,7,5,186,800005f0,0,183,800005b8,0,3,8000059a,0,0,800005a0,1,0,800005f4,0,0
261,7,5,180,800005f0,0,177,800005b8,0,3,8000059a,0,0,800005a0,1,0,800005f4,0,0
262,20,12,32,800005f0,0,25,8000046a,0,2,80000530,0,2,800005fe,0,1,800005b8,0,1
263,5,4,5,8000046a,0,5,8000045c,0,0,80000462,1,0,80000492,0,0,800004b2,0,0
264,5,4,5,8000046a,0,5,8000045c,0,0,80000462,1,0,80000492,0,0,800004b2,0,0
265,5,4,2,8000046a,0,2,8000045c,0,0,80000462,1,0,80000492,0,0,800004b2,0,0
266,5,4,0,8000045c,0,0,80000462,1,0,8000046a,0,0,80000492,0,0,800004b2,0,0
267,5,4,0,8000045c,0,0,80000462,1,0,8000046a,0,0,80000492,0,0,800004b2,0,0
268,5,4,0,8000045c,0,0,80000462,1,0,8000046a,0,0,80000492,0,0,800004b2,0,0
269,5,4,0,8000045c,0,0,80000462,1,0,8000046a,0,0,80000492,0,0,800004b2,0,0
270,5,4,0,8000045c,0,0,80000462,1,0,8000046a,0,0,80000492,0,0,800004b2,0,0
271,5,4,0,8000045c,0,0,80000462,1,0,8000046a,0,0,80000492,0,0,800004b2,0,0
272,5,4,0,8000045c,0,0,80000462,1,0,8000046a,0,0,80000492,0,0,800004b2,0,0
273,5,4,0,8000045c,0,0,80000462,1,0,8000046a,0,0,80000492,0,0,800004b2,0,0
274,5,4,0,8000045c,0,0,80000462,1,0,8000046a,0,0,80000492,0,0,800004b2,0,0
275,5,4,0,8000045c,0,0,80000462,1,0,8000046a,0,0,80000492,0,0,800004b2,0,0
276,5,4,0,8000045c,0,0,80000462,1,0,8000046a,0,0,80000492,0,0,800004b2,0,0
277,5,4,0,8000045c,0,0,80000462,1,0,8000046a,0,0,80000492,0,0,800004b2,0,0
278,5,4,0,8000045c,0,0,80000462,1,0,8000046a,0,0,80000492,0,0,800004b2,0,0
279,5,4,0,8000045c,0,0,80000462,1,0,8000046a,0,0,80000492,0,0,800004b2,0,0
280,5,4,0,8000045c,0,0,80000462,1,0,8000046a,0,0,80000492,0,0,800004b2,0,0
281,16,9,28,800005f0,0,27,800004b2,0,1,800002fc,2,0,8000045c,0,0,80000462,1,0
282,7,5,177,800005f0,0,174,800005b8,0,3,8000059a,0,0,800005a0,1,0,800005f4,0,0
283,7,5,191,800005f0,0,188,800005b8,0,3,8000059a,0,0,800005a0,1,0,800005f4,0,0
284,7,5,173,800005f0,0,171,800005b8,0,2,8000059a,0,0,800005a0,1,0,800005f4,0,0
285,7,5,160,800005f0,0,157,800005b8,0,3,8000059a,0,0,800005a0,1,0,800005f4,0,0
286,7,5,151,800005f0,0,148,800005b8,0,3,8000059a,0,0,800005a0,1,0,800005f4,0,0
287,7,5,164,800005f0,0,161,800005b8,0,3,8000059a,0,0,800005a0,1,0,800005f4,0,0
288,7,5,155,800005f0,0,152,800005b8,0,3,8000059a,0,0,800005a0,1,0,800005f4,0,0
289,7,5,152,800005f0,0,149,800005b8,0,3,8000059a,0,0,800005a0,1,0,800005f4,0,0
290,7,5,160,800005f0,0,157,800005b8,0,3,8000059a,0,0,800005a0,1,0,800005f4,0,0
291,7,5,161,800005f0,0,159,800005b8,0,2,8000059a,0,0,800005a0,1,0,800005f4,0,0
292,7,5,143,800005f0,0,140,800005b8,0,3,8000059a,0,0,800005a0,1,0,800005f4,0,0
293,7,5,145,800005f0,0,142,800005b8,0,3,8000059a,0,0,800005a0,1,0,800005f4,0,0
294,7,5,147,800005f0,0,144,800005b8,0,3,8000059a,0,0,800005a0,1,0,800005f4,0,0
295,7,5,150,800005f0,0,147,800005b8,0,3,8000059a,0,0,800005a0,1,0,800005f4,0,0
296,7,5,127,800005f0,0,124,800005b8,0,3,8000059a,0,0,800005a0,1,0,800005f4,0,0
297,7,5,138,800005f0,0,136,800005b8,0,2,8000059a,0,0,800005a0,1,0,800005f4,0,0
298,7,5,157,800005f0,0,154,800005b8,0,3,8000059a,0,0,800005a0,1,0,800005f4,0,0
299,7,5,145,800005f0,0,142,800005b8,0,3,8000059a,0,0,800005a0,1,0,800005f4,0,0
300,7,5,150,800005f0,0,147,800005b8,0,3,8000059a,0,0,800005a0,1,0,800005f4,0,0
301,7,5,138,800005f0,0,135,800005b8,0,3,8000059a,0,0,800005a0,1,0,800005f4,0,0
302,7,5,141,800005f0,0,138,800005b8,0,3,8000059a,0,0,800005a0,1,0,800005f4,0,0
303,7,5,153,800005f0,0,151,800005b8,0,2,8000059a,0,0,800005a0,1,0,800005f4,0,0
304,7,5,126,800005f0,0,123,800005b8,0,3,8000059a,0,0,800005a0,1,0,800005f4,0,0
305,7,5,147,800005f0,0,144,800005b8,0,3,8000059a,0,0,800005a0,1,0,800005f4,0,0
306,7,5,137,800005f0,0,134,800005b8,0,3,8000059a,0,0,800005a0,1,0,800005f4,0,0
307,7,5,118,800005f0,0,115,800005b8,0,3,8000059a,0,0,800005a0,1,0,800005f4,0,0
308,7,5,150,800005f0,0,147,800005b8,0,3,8000059a,0,0,800005a0,1,0,800005f4,0,0
309,7,5,145,800005f0,0,143,800005b8,0,2,8000059a,0,0,800005a0,1,0,800005f4,0,0
310,7,5,145,800005f0,0,142,800005b8,0,3,8000059a,0,0,800005a0,1,0,800005f4,0,0
311,7,5,150,800005f0,0,147,800005b8,0,3,8000059a,0,0,800005a0,1,0,800005f4,0,0
312,7,5,139,800005f0,0,136,800005b8,0,3,8000059a,0,0,800005a0,1,0,800005f4,0,0
313,7,5,137,800005f0,0,134,800005b8,0,3,8000059a,0,0,800005a0,1,0,800005f4,0,0
314,7,5,149,800005f0,0,146,800005b8,0,3,8000059a,0,0,800005a0,1,0,800005f4,0,0
315,7,5,134,800005f0,0,132,800005b8,0,2,8000059a,0,0,800005a0,1,0,800005f4,0,0
316,7,5,133,800005f0,0,130,800005b8,0,3,8000059a,0,0,800005a0,1,0,800005f4,0,0
317,20,12,17,800005f0,0,12,800005fe,0,1,8000046a,0,1,800005b8,0,1,800004f2,0,1
318,5,4,0,8000045c,0,0,80000462,1,0,8000046a,0,0,80000492,0,0,800004b2,0,0
319,5,4,0,8000045c,0,0,80000462,1,0,8000046a,0,0,80000492,0,0,800004b2,0,0
320,5,4,0,8000045c,0,0,80000462,1,0,8000046a,0,0,80000492,0,0,800004b2,0,0
321,5,4,0,8000045c,0,0,80000462,1,0,8000046a,0,0,80000492,0,0,800004b2,0,0
322,5,4,0,8000045c,0,0,80000462,1,0,8000046a,0,0,80000492,0,0,800004b2,0,0
323,5,4,0,8000045c,0,0,80000462,1,0,8000046a,0,0,80000492,0,0,800004b2,0,0
324,5,4,0,8000045c,0,0,80000462,1,0,8000046a,0,0,80000492,0,0,800004b2,0,0
325,5,4,0,8000045c,0,0,80000462,1,0,8000046a,0,0,80000492,0,0,800004b2,0,0
326,5,4,0,8000045c,0,0,80000462,1,0,8000046a,0,0,80000492,0,0,800004b2,0,0
327,5,4,0,8000045c,0,0,80000462,1,0,8000046a,0,0,80000492,0,0,800004b2,0,0
328,5,4,0,8000045c,0,0,80000462,1,0,8000046a,0,0,80000492,0,0,800004b2,0,0
329,5,4,0,8000045c,0,0,80000462,1,0,8000046a,0,0,80000492,0,0,800004b2,0,0
330,5,4,0,8000045c,0,0,80000462,1,0,8000046a,0,0,80000492,0,0,800004b2,0,0
331,5,4,0,8000045c,0,0,80000462,1,0,8000046a,0,0,80000492,0,0,800004b2,0,0
332,5,4,0,8000045c,0,0,80000462,1,0,8000046a,0,0,80000492,0,0,800004b2,0,0
333,5,4,0,8000045c,0,0,80000462,1,0,8000046a,0,0,80000492,0,0,800004b2,0,0
334,5,4,0,8000045c,0,0,80000462,1,0,8000046a,0,0,80000492,0,0,800004b2,0,0
335,5,4,0,8000045c,0,0,80000462,1,0,8000046a,0,0,80000492,0,0,800004b2,0,0
336,16,9,26,800005f0,0,25,800004b2,0,1,800002fc,2,0,8000045c,0,0,80000462,1,0
337,7,5,142,800005f0,0,139,800005b8,0,3,8000059a,0,0,800005a0,1,0,800005f4,0,0
338,7,5,148,800005f0,0,145,800005b8,0,3,8000059a,0,0,800005a0,1,0,800005f4,0,0
339,7,5,138,800005f0,0,135,800005b8,0,3,8000059a,0,0,800005a0,1,0,800005f4,0,0
340,7,5,121,800005f0,0,119,800005b8,0,2,8000059a,0,0,800005a0,1,0,800005f4,0,0
341,7,5,141,800005f0,0,138,800005b8,0,3,8000059a,0,0,800005a0,1,0,800005f4,0,0
342,7,5,118,800005f0,0,115,800005b8,0,3,8000059a,0,0,800005a0,1,0,800005f4,0,0
343,7,5,123,800005f0,0,120,800005b8,0,3,8000059a,0,0,800005a0,1,0,800005f4,0,0
344,7,5,125,800005f0,0,122,800005b8,0,3,8000059a,0,0,800005a0,1,0,800005f4,0,0
345,7,5,123,800005f0,0,120,800005b8,0,3,8000059a,0,0,800005a0,1,0,800005f4,0,0
346,7,5,116,800005f0,0,114,800005b8,0,2,8000059a,0,0,800005a0,1,0,800005f4,0,0
347,7,5,122,800005f0,0,119,800005b8,0,3,8000059a,0,0,800005a0,1,0,800005f4,0,0
348,7,5,122,800005f0,0,119,800005b8,0,3,8000059a,0,0,800005a0,1,0,800005f4,0,0
349,7,5,125,800005f0,0,122,800005b8,0,3,8000059a,0,0,800005a0,1,0,800005f4,0,0
350,7,5,122,800005f0,0,119,800005b8,0,3,8000059a,0,0,800005a0,1,0,800005f4,0,0
351,7,5,99,800005f0,0,96,800005b8,0,3,8000059a,0,0,800005a0,1,0,800005f4,0,0
352,7,5,118,800005f0,0,116,800005b8,0,2,8000059a,0,0,800005a0,1,0,800005f4,0,0
353,7,5,120,800005f0,0,117,800005b8,0,3,8000059a,0,0,800005a0,1,0,800005f4,0,0
354,7,5,112,800005f0,0,109,800005b8,0,3,8000059a,0,0,800005a0,1,0,800005f4,0,0
355,7,5,125,800005f0,0,122,800005b8,0,3,8000059a,0,0,800005a0,1,0,800005f4,0,0
356,7,5,115,800005f0,0,112,800005b8,0,3,8000059a,0,0,800005a0,1,0,800005f4,0,0
357,7,5,113,800005f0,0,110,800005b8,0,3,8000059a,0,0,800005a0,1,0,800005f4,0,0
358,7,5,126,800005f0,0,124,800005b8,0,2,8000059a,0,0,800005a0,1,0,800005f4,0,0
359,7,5,100,800005f0,0,97,800005b8,0,3,8000059a,0,0,800005a0,1,0,800005f4,0,0
360,7,5,129,800005f0,0,126,800005b8,0,3,8000059a,0,0,800005a0,1,0,800005f4,0,0
361,7,5,117,800005f0,0,114,800005b8,0,3,8000059a,0,0,800005a0,1,0,800005f4,0,0
362,7,5,105,800005f0,0,102,800005b8,0,3,8000059a,0,0,800005a0,1,0,800005f4,0,0
363,7,5,128,800005f0,0,125,800005b8,0,3,8000059a,0,0,800005a0,1,0,800005f4,0,0
364,7,5,118,800005f0,0,116,800005b8,0,2,8000059a,0,0,800005a0,1,0,800005f4,0,0
365,7,5,118,800005f0,0,115,800005b8,0,3,8000059a,0,0,800005a0,1,0,800005f4,0,0
366,7,5,119,800005f0,0,116,800005b8,0,3,8000059a,0,0,800005a0,1,0,800005f4,0,0
367,7,5,129,800005f0,0,126,800005b8,0,3,8000059a,0,0,800005a0,1,0,800005f4,0,0
368,7,5,113,800005f0,0,110,800005b8,0,3,8000059a,0,0,800005a0,1,0,800005f4,0,0
369,7,5,128,800005f0,0,125,800005b8,0,3,8000059a,0,0,800005a0,1,0,800005f4,0,0
370,7,5,115,800005f0,0,113,800005b8,0,2,8000059a,0,0,800005a0,1,0,800005f4,0,0
371,7,5,115,800005f0,0,112,800005b8,0,3,8000059a,0,0,800005a0,1,0,800005f4,0,0
372,20,12,11,800005f0,0,8,800005fe,0,1,800005b8,0,1,80000530,0,1,800004f8,0,0
373,5,4,0,8000045c,0,0,80000462,1,0,8000046a,0,0,80000492,0,0,800004b2,0,0
374,5,4,0,8000045c,0,0,80000462,1,0,8000046a,0,0,80000492,0,0,800004b2,0,0
375,5,4,0,8000045c,0,0,80000462,1,0,8000046a,0,0,80000492,0,0,800004b2,0,0
376,5,4,0,8000045c,0,0,80000462,1,0,8000046a,0,0,80000492,0,0,800004b2,0,0
377,5,4,0,8000045c,0,0,80000462,1,0,8000046a,0,0,80000492,0,0,800004b2,0,0
378,5,4,0,8000045c,0,0,80000462,1,0,8000046a,0,0,80000492,0,0,800004b2,0,0
379,5,4,0,8000045c,0,0,80000462,1,0,8000046a,0,0,80000492,0,0,800004b2,0,0
380,5,4,0,8000045c,0,0,80000462,1,0,8000046a,0,0,80000492,0,0,800004b2,0,0
381,5,4,0,8000045c,0,0,80000462,1,0,8000046a,0,0,80000492,0,0,800004b2,0,0
382,5,4,0,8000045c,0,0,80000462,1,0,8000046a,0,0,80000492,0,0,800004b2,0,0
383,5,4,0,8000045c,0,0,80000462,1,0,8000046a,0,0,80000492,0,0,800004b2,0,0
384,5,4,0,8000045c,0,0,80000462,1,0,8000046a,0,0,80000492,0,0,800004b2,0,0
385,5,4,0,8000045c,0,0,80000462,1,0,8000046a,0,0,80000492,0,0,800004b2,0,0
386,5,4,0,8000045c,0,0,80000462,1,0,8000046a,0,0,80000492,0,0,800004b2,0,0
387,5,4,0,8000045c,0,0,80000462,1,0,8000046a,0,0,80000492,0,0,800004b2,0,0
388,5,4,0,8000045c,0,0,80000462,1,0,8000046a,0,0,80000492,0,0,800004b2,0,0
389,5,4,0,8000045c,0,0,80000462,1,0,8000046a,0,0,80000492,0,0,800004b2,0,0
390,5,4,0,8000045c,0,0,80000462,1,0,8000046a,0,0,80000492,0,0,800004b2,0,0
391,107,73,21,8000121c,0,4,800007fe,0,3,8000126a,0,2,80001438,0,1,800013a0,0,1
